{
  "licenses": [
    {
      "domain": "liveanevia.mncnow.id",
      "drm_url": "https://mrpw.ptmnc01.verspective.net/?deviceId=NTM5NDVlNjktZDQxYS0zMTExLTliZDYtZmUyZDg5M2M2ODg3"
    },
    {
      "domain": "stream-cdn.mncnow.id",
      "drm_url": "https://mrpw.ptmnc01.verspective.net/?deviceId=NTM5NDVlNjktZDQxYS0zMTExLTliZDYtZmUyZDg5M2M2ODg3"
    }
  ],
  "categories": [
    {
      "id": 0,
      "name": "Nasional"
    },
    {
      "id": 1,
      "name": "Berita"
    },
    {
      "id": 2,
      "name": "Hiburan"
    },
    {
      "id": 3,
      "name": "Musik"
    },
    {
      "id": 4,
      "name": "Anak"
    },
    {
      "id": 5,
      "name": "Edukasi"
    },
    {
      "id": 6,
      "name": "Religi"
    },
    {
      "id": 7,
      "name": "Olahraga"
    }
  ],
  "channels": [
    {
      "cid": 2,
      "name": "&Flix",
      "stream_url": "https://y5w8j4a9.ssl.hwcdn.net/andflixhd/tracks-v1a1/mono.m3u8"
    },
    {
      "cid": 2,
      "name": "&Prive",
      "stream_url": "https://y5w8j4a9.ssl.hwcdn.net/andprivehd/tracks-v1a1/mono.m3u8"
    },
    {
      "cid": 1,
      "name": "ABC Australia",
      "stream_url": "https://liveanevia.mncnow.id/live/eds/AustraliaPlus/sa_dash_vmx/AustraliaPlus.mpd"
    },
    {
      "cid": 7,
      "name": "ACCDN",
      "stream_url": "https://120sports-accdn-1.samsung.wurl.com/manifest/playlist.m3u8"
    },
    {
      "cid": 7,
      "name": "Adventure Sports Network",
      "stream_url": "https://dai2.xumo.com/amagi_hls_data_xumo1212A-adventuresportsnetwork/CDN/768x432_1200000/index.m3u8"
    },
    {
      "cid": 2,
      "name": "AFV Family",
      "stream_url": "http://linear-12.frequency.stream/dist/roku/12/hls/master/playlist.m3u8"
    },
    {
      "cid": 1,
      "name": "Al Jazeera",
      "stream_url": "https://live-hls-web-aje.getaj.net/AJE/index.m3u8"
    },
    {
      "cid": 1,
      "name": "Al Jazeera [ALT]",
      "stream_url": "https://liveanevia.mncnow.id/live/eds/AlJazeeraInternational/sa_dash_vmx/AlJazeeraInternational.mpd"
    },
    {
      "cid": 6,
      "name": "Al Quran Al Kareem",
      "stream_url": "https://liveanevia.mncnow.id/live/eds/AlQuranAlKareem/sa_dash_vmx/AlQuranAlKareem.mpd"
    },
    {
      "cid": 5,
      "name": "Animal Planet",
      "stream_url": "https://liveanevia.mncnow.id/live/eds/AnimalPlanet/sa_dash_vmx/AnimalPlanet.mpd"
    },
    {
      "cid": 5,
      "name": "Animals Live",
      "stream_url": "https://stitcheraws.unreel.me/wse-node02.powr.com/live/5c9537b8932c837b49397343/playlist.m3u8"
    },
    {
      "cid": 4,
      "name": "Animax",
      "stream_url": "https://liveanevia.mncnow.id/live/eds/Animax/sa_dash_vmx/Animax.mpd"
    },
    {
      "cid": 4,
      "name": "Animax Asia",
      "stream_url": "http://210.210.155.35/dr9445/h/h144/02.m3u8"
    },
    {
      "cid": 4,
      "name": "Aniplus Asia",
      "stream_url": "http://210.210.155.35/dr9445/h/h02/index.m3u8"
    },
    {
      "cid": 0,
      "name": "ANTV",
      "stream_url": "https://liveanevia.mncnow.id/live/eds/ANTV/sa_dash_vmx/ANTV.mpd"
    },
    {
      "cid": 1,
      "name": "Arirang",
      "stream_url": "http://amdlive-ch01.ctnd.com.edgesuite.net/arirang_1ch/smil:arirang_1ch.smil/playlist.m3u8"
    },
    {
      "cid": 1,
      "name": "Arirang [ALT]",
      "stream_url": "https://liveanevia.mncnow.id/live/eds/Arirang/sa_dash_vmx/Arirang.mpd"
    },
    {
      "cid": 5,
      "name": "Asian Food Network",
      "stream_url": "https://liveanevia.mncnow.id/live/eds/AFC/sa_dash_vmx/AFC.mpd"
    },
    {
      "cid": 2,
      "name": "Asiancrush",
      "stream_url": "https://ac-samsung.samsung.wurl.com/manifest/playlist.m3u8"
    },
    {
      "cid": 7,
      "name": "Astro Arena",
      "stream_url": "http://185.180.221.194:8278/streams/d/Arena/playlist.m3u8"
    },
    {
      "cid": 1,
      "name": "Astro Awani",
      "stream_url": "http://50.7.161.82:8278/streams/d/Awani/playlist.m3u8"
    },
    {
      "cid": 4,
      "name": "Astro Ceria",
      "stream_url": "http://50.7.161.82:8278/streams/d/Ceria/playlist.m3u8"
    },
    {
      "cid": 2,
      "name": "Astro Citra",
      "stream_url": "http://50.7.161.82:8278/streams/d/Citra/playlist.m3u8"
    },
    {
      "cid": 2,
      "name": "Astro Oasis",
      "stream_url": "http://50.7.161.82:8278/streams/d/Oasis/playlist.m3u8"
    },
    {
      "cid": 2,
      "name": "Astro Prima",
      "stream_url": "http://185.180.221.194:8278/streams/d/Prima/playlist.m3u8"
    },
    {
      "cid": 7,
      "name": "Astro SuperSports 1",
      "stream_url": "http://portal.geniptv.com:8080/greenpoison8/GZprWONABH/18623"
    },
    {
      "cid": 7,
      "name": "Astro SuperSports 2",
      "stream_url": "http://portal.geniptv.com:8080/greenpoison8/GZprWONABH/18622"
    },
    {
      "cid": 7,
      "name": "Astro SuperSports 3",
      "stream_url": "http://portal.geniptv.com:8080/greenpoison8/GZprWONABH/18621"
    },
    {
      "cid": 7,
      "name": "Astro SuperSports 4",
      "stream_url": "http://portal.geniptv.com:8080/greenpoison8/GZprWONABH/18620"
    },
    {
      "cid": 2,
      "name": "AXN",
      "stream_url": "http://210.210.155.66/h/h141/01.m3u8"
    },
    {
      "cid": 2,
      "name": "AXN [ALT]",
      "stream_url": "https://liveanevia.mncnow.id/live/eds/AXN/sa_dash_vmx/AXN.mpd"
    },
    {
      "cid": 4,
      "name": "BabyFirst",
      "stream_url": "http://mkctvbro.my.id/horas/pakailah.m3u8?id=babyfirst&bandwidth=default&sync=0"
    },
    {
      "cid": 5,
      "name": "BBC Earth [HD]",
      "stream_url": "https://liveanevia.mncnow.id/live/eds/BBCEarth-HD/sa_dash_vmx/BBCEarth-HD.mpd"
    },
    {
      "cid": 1,
      "name": "BBC World News",
      "stream_url": "http://103.199.161.254/Content/bbcworld/Live/Channel(BBCworld)/index.m3u8"
    },
    {
      "cid": 1,
      "name": "BBC World News [ALT]",
      "stream_url": "https://liveanevia.mncnow.id/live/eds/BBCWorldNews/sa_dash_vmx/BBCWorldNews.mpd"
    },
    {
      "cid": 7,
      "name": "beIN Sports 1",
      "stream_url": "https://liveanevia.mncnow.id/live/eds/BeIN1/sa_dash_vmx/BeIN1.mpd"
    },
    {
      "cid": 7,
      "name": "beIN Sports 2",
      "stream_url": "http://mkctvbro.my.id/horas/pakailah.m3u8?id=bein2&bandwidth=default&sync=0"
    },
    {
      "cid": 7,
      "name": "beIN Sports Xtra",
      "stream_url": "http://siloh-ns1.plutotv.net/lilo/production/bein/master_1.m3u8"
    },
    {
      "cid": 1,
      "name": "BeritaSatu",
      "stream_url": "https://b1news.beritasatumedia.com/Beritasatu/B1News_1280x720.m3u8"
    },
    {
      "cid": 2,
      "name": "Biznet Adventure",
      "stream_url": "http://livestream.biznetvideo.net/biznet_adventure/smil:adventure.smil/playlist.m3u8?bizkeylivestarttime=0&bizkeyliveendtime=0&bizkeyliveCustomParameter=myParameter&bizkeylivehash=iJYiwvsAhKLgYjtMcoxVp1GZg1XW_wNcrvg-lcNq6Vdyv_lWVEr0cSEOBCkIyfTS"
    },
    {
      "cid": 4,
      "name": "Biznet Kids",
      "stream_url": "http://livestream.biznetvideo.net/biznet_kids/smil:kids.smil/playlist.m3u8?bizkeylivestarttime=0&bizkeyliveendtime=0&bizkeyliveCustomParameter=myParameter&bizkeylivehash=qAri1M2xu_MAlnHwVRtOs24lR8Y_HSDijN2CRNghifUllhYqQSDlkd0qE8CkZwxC"
    },
    {
      "cid": 2,
      "name": "Biznet Lifestyle",
      "stream_url": "http://livestream.biznetvideo.net/biznet_lifestyle/smil:lifestyle.smil/playlist.m3u8?bizkeylivestarttime=0&bizkeyliveendtime=0&bizkeyliveCustomParameter=myParameter&bizkeylivehash=jgDKPclcGdZfvrIDxfMdpT7v_srMWCbubntGo9cCYWpcBBQalMlLQxHswm43PbVR"
    },
    {
      "cid": 1,
      "name": "Bloomberg",
      "stream_url": "https://liveanevia.mncnow.id/live/eds/Bloomberg/sa_dash_vmx/Bloomberg.mpd"
    },
    {
      "cid": 2,
      "name": "Blue Ant Extreme",
      "stream_url": "http://45.126.83.51/dr9445/h/h15/01.m3u8"
    },
    {
      "cid": 2,
      "name": "Boo",
      "stream_url": "http://50.7.161.82:8278/streams/d/Boo/playlist.m3u8"
    },
    {
      "cid": 4,
      "name": "Boomerang",
      "stream_url": "https://liveanevia.mncnow.id/live/eds/Boomerang/sa_dash_vmx/Boomerang.mpd"
    },
    {
      "cid": 7,
      "name": "BT Sport 1",
      "stream_url": "http://stream.tvtap.live:8081/live/bt1.stream/playlist.m3u8"
    },
    {
      "cid": 7,
      "name": "BT Sport 1 [HD]",
      "stream_url": "http://77.83.117.60:8888/02_BTSPORTHD_1_720p/chunklist.m3u8"
    },
    {
      "cid": 7,
      "name": "BT Sport 2",
      "stream_url": "http://stream.tvtap.live:8081/live/bt220.stream/playlist.m3u8"
    },
    {
      "cid": 7,
      "name": "BT Sport 2 [HD]",
      "stream_url": "http://77.83.117.60:8888/02_BTSPORTHD_2_720p/chunklist.m3u8"
    },
    {
      "cid": 7,
      "name": "BT Sport 3",
      "stream_url": "http://stream.tvtap.live:8081/live/bt33.stream/playlist.m3u8"
    },
    {
      "cid": 4,
      "name": "Cartoon Network",
      "stream_url": "https://liveanevia.mncnow.id/live/eds/CartoonNetwork/sa_dash_vmx/CartoonNetwork.mpd"
    },
    {
      "cid": 4,
      "name": "Cartoon Network Asia",
      "stream_url": "https://htv-drm-live-cdn.fptplay.net/CDN-FPT02/CARTOON-SD-720p/playlist.m3u8"
    },
    {
      "cid": 4,
      "name": "CBeebies",
      "stream_url": "https://liveanevia.mncnow.id/live/eds/Cbeebies/sa_dash_vmx/Cbeebies.mpd"
    },
    {
      "cid": 2,
      "name": "Celestial Classic",
      "stream_url": "https://liveanevia.mncnow.id/live/eds/CelestialClassic/sa_dash_vmx/CelestialClassic.mpd"
    },
    {
      "cid": 2,
      "name": "Celestial Movie",
      "stream_url": "https://liveanevia.mncnow.id/live/eds/CelestialMovie/sa_dash_vmx/CelestialMovie.mpd"
    },
    {
      "cid": 2,
      "name": "Celestial Movie [ALT]",
      "stream_url": "http://210.210.155.35/qwr9ew/s/s33/index.m3u8"
    },
    {
      "cid": 7,
      "name": "Champions TV 1",
      "stream_url": "http://gpc.my.id/vidio/champion-tv-1.m3u8"
    },
    {
      "cid": 7,
      "name": "Champions TV 1 [ALT]",
      "stream_url": "http://mkctvbro.my.id/horas/pakailah.m3u8?id=champion1&bandwidth=default&sync=0"
    },
    {
      "cid": 7,
      "name": "Champions TV 2",
      "stream_url": "http://gpc.my.id/vidio/champion-tv-2.m3u8"
    },
    {
      "cid": 7,
      "name": "Champions TV 2 [ALT]",
      "stream_url": "http://mkctvbro.my.id/horas/pakailah.m3u8?id=champion2&bandwidth=default&sync=0"
    },
    {
      "cid": 7,
      "name": "Champions TV 3",
      "stream_url": "http://gpc.my.id/vidio/champion-tv-3.m3u8"
    },
    {
      "cid": 7,
      "name": "Channel 3 [HD]",
      "stream_url": "https://cdnlive.goprimetime.info/feed/ch3hd/index.m3u8"
    },
    {
      "cid": 1,
      "name": "Channel News Asia",
      "stream_url": "https://d2e1asnsl7br7b.cloudfront.net/7782e205e72f43aeb4a48ec97f66ebbe/index_4.m3u8"
    },
    {
      "cid": 3,
      "name": "Channel V",
      "stream_url": "https://liveanevia.mncnow.id/live/eds/ChannelV/sa_dash_vmx/ChannelV.mpd"
    },
    {
      "cid": 1,
      "name": "Chnannel News Asia [ALT]",
      "stream_url": "https://liveanevia.mncnow.id/live/eds/ChannelNewsAsia/sa_dash_vmx/ChannelNewsAsia.mpd"
    },
    {
      "cid": 2,
      "name": "Cine Life",
      "stream_url": "https://dai.google.com/linear/hls/event/PFJ1Jhd6SsSMcu3qq86wzQ/master.m3u8"
    },
    {
      "cid": 2,
      "name": "Cinema World",
      "stream_url": "https://liveanevia.mncnow.id/live/eds/CinemaWorld/sa_dash_vmx/CinemaWorld.mpd"
    },
    {
      "cid": 2,
      "name": "Cinema World [ALT]",
      "stream_url": "http://210.210.155.35/uq2663/h/h04/index2.m3u8"
    },
    {
      "cid": 2,
      "name": "Cinemax",
      "stream_url": "https://liveanevia.mncnow.id/live/eds/CinemaxHD2/sa_dash_vmx/CinemaxHD2.mpd"
    },
    {
      "cid": 3,
      "name": "Citra Dangdut",
      "stream_url": "http://mkctvbro.my.id/horas/pakailah.m3u8?id=citradangdut&bandwidth=default&sync=0"
    },
    {
      "cid": 1,
      "name": "CNBC Indonesia",
      "stream_url": "https://live.cnbcindonesia.com/livecnbc/smil:cnbctv.smil/playlist.m3u8"
    },
    {
      "cid": 1,
      "name": "CNN Indonesia",
      "stream_url": "https://live.cnnindonesia.com/livecnn/smil:cnntv.smil/playlist.m3u8"
    },
    {
      "cid": 1,
      "name": "CNN International",
      "stream_url": "https://liveanevia.mncnow.id/live/eds/CNNInternational/sa_dash_vmx/CNNInternational.mpd"
    },
    {
      "cid": 4,
      "name": "CONtv Anime",
      "stream_url": "https://contvanime.cinedigm.com/conapp-ssai/amagi_hls_data_xumo-host-contvanime-junction/CDN/playlist.m3u8"
    },
    {
      "cid": 2,
      "name": "Crackle",
      "stream_url": "https://crackle-plex.amagi.tv/playlist.m3u8"
    },
    {
      "cid": 5,
      "name": "Crime Investigation",
      "stream_url": "https://liveanevia.mncnow.id/live/eds/CrimeInvestigation/sa_dash_vmx/CrimeInvestigation.mpd"
    },
    {
      "cid": 4,
      "name": "Da Vinci Learning",
      "stream_url": "http://mkctvbro.my.id/horas/pakailah.m3u8?id=davinci&bandwidth=default&sync=0"
    },
    {
      "cid": 6,
      "name": "DAAI TV",
      "stream_url": "https://liveanevia.mncnow.id/live/eds/DAAITV/sa_dash_vmx/DAAITV.mpd"
    },
    {
      "cid": 7,
      "name": "Dazn Sport 1",
      "stream_url": "http://stream.tvtap.live:8081/live/it-dazn1.stream/playlist.m3u8"
    },
    {
      "cid": 7,
      "name": "DD Sports",
      "stream_url": "http://103.199.161.254/Content/ddsports/Live/Channel(DDSPORTS)/index.m3u8"
    },
    {
      "cid": 5,
      "name": "Discovery Asia",
      "stream_url": "https://livecdn.fptplay.net/qnetlive/discoveryasia_hls.smil/chunklist_b2500000.m3u8"
    },
    {
      "cid": 5,
      "name": "Discovery Channel",
      "stream_url": "http://mkctvbro.my.id/horas/pakailah.m3u8?id=disco&bandwidth=default&sync=0"
    },
    {
      "cid": 5,
      "name": "Discovery Channel [ALT]",
      "stream_url": "http://185.180.221.194:8278/streams/d/Discoveryhd/playlist.m3u8"
    },
    {
      "cid": 4,
      "name": "Disney Channel",
      "stream_url": "https://liveanevia.mncnow.id/live/eds/DisneyChannel/sa_dash_vmx/DisneyChannel.mpd"
    },
    {
      "cid": 4,
      "name": "Disney Junior [HD]",
      "stream_url": "https://liveanevia.mncnow.id/live/eds/DisneyJunior-HD/sa_dash_vmx/DisneyJunior-HD.mpd"
    },
    {
      "cid": 4,
      "name": "Disney XD",
      "stream_url": "http://185.180.221.194:8278/streams/d/Disneyxd/playlist.m3u8"
    },
    {
      "cid": 3,
      "name": "DJing Hits",
      "stream_url": "https://www.djing.com/tv/hits.m3u8"
    },
    {
      "cid": 3,
      "name": "DJing Karaoke",
      "stream_url": "https://www.djing.com/tv/karaoke.m3u8"
    },
    {
      "cid": 3,
      "name": "DJing Live",
      "stream_url": "https://www.djing.com/tv/live.m3u8"
    },
    {
      "cid": 4,
      "name": "DreamWorks",
      "stream_url": "http://mkctvbro.my.id/horas/pakailah.m3u8?id=dreamworks-1&bandwidth=default&sync=0"
    },
    {
      "cid": 7,
      "name": "Dubai Racing",
      "stream_url": "https://dmisvthvll.cdn.mangomolo.com/events/smil:events.smil/playlist.m3u8"
    },
    {
      "cid": 7,
      "name": "Dubai Racing 2",
      "stream_url": "https://dmithrvll.cdn.mangomolo.com/dubairacing/smil:dubairacing.smil/playlist.m3u8"
    },
    {
      "cid": 7,
      "name": "Dubai Racing 3",
      "stream_url": "https://dmithrvll.cdn.mangomolo.com/dubaimubasher/smil:dubaimubasher.smil/playlist.m3u8"
    },
    {
      "cid": 7,
      "name": "Dubai Sport",
      "stream_url": "https://dmitnthvll.cdn.mangomolo.com/dubaisports/smil:dubaisports.smil/index.m3u8"
    },
    {
      "cid": 7,
      "name": "Dubai Sport 2",
      "stream_url": "https://dmitwlvvll.cdn.mangomolo.com/dubaisportshd/smil:dubaisportshd.smil/index.m3u8"
    },
    {
      "cid": 7,
      "name": "Dubai Sport 3",
      "stream_url": "https://dmitwlvvll.cdn.mangomolo.com/dubaisportshd5/smil:dubaisportshd5.smil/index.m3u8"
    },
    {
      "cid": 4,
      "name": "Dunia Anak",
      "stream_url": "http://mkctvbro.my.id/horas/pakailah.m3u8?id=duniaanak&bandwidth=default&sync=0"
    },
    {
      "cid": 7,
      "name": "Dunia Games",
      "stream_url": "https://cdn-telkomsel-01.akamaized.net/Content/HLS/Live/channel(ec41a5e2-09e4-431d-b92e-383fa7abe25c)/index.m3u8"
    },
    {
      "cid": 1,
      "name": "DW",
      "stream_url": "https://liveanevia.mncnow.id/live/eds/DW/sa_dash_vmx/DW.mpd"
    },
    {
      "cid": 7,
      "name": "Edge Sport",
      "stream_url": "https://edgesport-samsunguk.amagi.tv/playlist.m3u8"
    },
    {
      "cid": 6,
      "name": "Elshinta TV",
      "stream_url": "http://210.210.155.35/qwr9ew/s/s10/index.m3u8"
    },
    {
      "cid": 7,
      "name": "ESPN",
      "stream_url": "http://stream2.grandma.fit/fs2.m3u8"
    },
    {
      "cid": 7,
      "name": "ESPN [360p]",
      "stream_url": "http://stream.tvtap.live:8081/live/espnusahd.stream/playlist.m3u8"
    },
    {
      "cid": 7,
      "name": "ESPN 2",
      "stream_url": "https://stream2.grandma.fit/espn2.m3u8"
    },
    {
      "cid": 6,
      "name": "EWTN",
      "stream_url": "https://liveanevia.mncnow.id/live/eds/EWTN/sa_dash_vmx/EWTN.mpd"
    },
    {
      "cid": 2,
      "name": "FailArmy",
      "stream_url": "https://dai2.xumo.com/amagi_hls_data_xumo1212A-failarmy/CDN/1280x720_5000000/index.m3u8"
    },
    {
      "cid": 2,
      "name": "Fashion TV",
      "stream_url": "https://fash1043.cloudycdn.services/slive/_definst_/ftv_ftv_pg13_zw9_27065_ftv_pg13_196_hls.smil/chunklist==.m3u8"
    },
    {
      "cid": 2,
      "name": "Fashion TV Midnight",
      "stream_url": "https://fash1043.cloudycdn.services/slive/_definst_/ftv_midnite_secrets_adaptive.smil/chunklist==.m3u8"
    },
    {
      "cid": 7,
      "name": "Fight Sports",
      "stream_url": "https://liveanevia.mncnow.id/live/eds/FightSports/sa_dash_vmx/FightSports.mpd"
    },
    {
      "cid": 2,
      "name": "Flik",
      "stream_url": "http://mkctvbro.my.id/horas/pakailah.m3u8?id=flik&bandwidth=default&sync=0"
    },
    {
      "cid": 2,
      "name": "FMN",
      "stream_url": "https://liveanevia.mncnow.id/live/eds/FMN/sa_dash_vmx/FMN.mpd"
    },
    {
      "cid": 2,
      "name": "Fox Action Movies",
      "stream_url": "https://liveanevia.mncnow.id/live/eds/FoxActionMovies/sa_dash_vmx/FoxActionMovies.mpd"
    },
    {
      "cid": 2,
      "name": "Fox Channel",
      "stream_url": "https://liveanevia.mncnow.id/live/eds/FoxChannel/sa_dash_vmx/FoxChannel.mpd"
    },
    {
      "cid": 2,
      "name": "Fox Crime",
      "stream_url": "https://liveanevia.mncnow.id/live/eds/FoxCrime/sa_dash_vmx/FoxCrime.mpd"
    },
    {
      "cid": 2,
      "name": "Fox Family Movies",
      "stream_url": "https://liveanevia.mncnow.id/live/eds/FoxFamilyMovies/sa_dash_vmx/FoxFamilyMovies.mpd"
    },
    {
      "cid": 2,
      "name": "Fox Movies Premium",
      "stream_url": "https://liveanevia.mncnow.id/live/eds/FOXMoviesPremium/sa_dash_vmx/FOXMoviesPremium.mpd"
    },
    {
      "cid": 1,
      "name": "FOX News",
      "stream_url": "https://liveanevia.mncnow.id/live/eds/FoxNews/sa_dash_vmx/FoxNews.mpd"
    },
    {
      "cid": 7,
      "name": "Fox Sports 1",
      "stream_url": "http://mkctvbro.my.id/horas/pakailah.m3u8?id=foxsport1&bandwidth=default&sync=0"
    },
    {
      "cid": 7,
      "name": "Fox Sports 2",
      "stream_url": "http://mkctvbro.my.id/horas/pakailah.m3u8?id=foxsport2&bandwidth=default&sync=0"
    },
    {
      "cid": 7,
      "name": "Fox Sports 3",
      "stream_url": "https://liveanevia.mncnow.id/live/eds/FoxSports3/sa_dash_vmx/FoxSports3.mpd"
    },
    {
      "cid": 7,
      "name": "Fox Sports Asia",
      "stream_url": "https://livecdn.fptplay.net/qnetlive/foxsports_2000.stream/chunklist.m3u8"
    },
    {
      "cid": 7,
      "name": "Fox Sports News",
      "stream_url": "https://austchannel-live.akamaized.net/hls/live/2002736/austchannel-sport/master.m3u8"
    },
    {
      "cid": 7,
      "name": "FTF - For The Fans",
      "stream_url": "https://eleven-rebroadcast-samsung.roku.wurl.com/manifest/playlist.m3u8"
    },
    {
      "cid": 2,
      "name": "Galaxy",
      "stream_url": "http://mkctvbro.my.id/horas/pakailah.m3u8?id=galaxy&bandwidth=default&sync=0"
    },
    {
      "cid": 2,
      "name": "Galaxy Premium",
      "stream_url": "http://mkctvbro.my.id/horas/pakailah.m3u8?id=galaxypremium&bandwidth=default&sync=0"
    },
    {
      "cid": 2,
      "name": "GEM [ID]",
      "stream_url": "http://210.210.155.35/uq2663/h/h19/01.m3u8"
    },
    {
      "cid": 0,
      "name": "GTV",
      "stream_url": "https://liveanevia.mncnow.id/live/eds/GTV-HD/sa_dash_vmx/GTV-HD.mpd"
    },
    {
      "cid": 4,
      "name": "HappyKids",
      "stream_url": "https://happykids-vizio.amagi.tv/playlist480p.m3u8"
    },
    {
      "cid": 2,
      "name": "HBO",
      "stream_url": "https://liveanevia.mncnow.id/live/eds/HBO2/sa_dash_vmx/HBO2.mpd"
    },
    {
      "cid": 2,
      "name": "HBO Family",
      "stream_url": "https://liveanevia.mncnow.id/live/eds/HBOFamily2/sa_dash_vmx/HBOFamily2.mpd"
    },
    {
      "cid": 2,
      "name": "HBO Hits",
      "stream_url": "https://liveanevia.mncnow.id/live/eds/HBOHits/sa_dash_vmx/HBOHits.mpd"
    },
    {
      "cid": 2,
      "name": "HBO Signature",
      "stream_url": "https://liveanevia.mncnow.id/live/eds/HBOSignature2/sa_dash_vmx/HBOSignature2.mpd"
    },
    {
      "cid": 5,
      "name": "HGTV",
      "stream_url": "https://liveanevia.mncnow.id/live/eds/HGTV/sa_dash_vmx/HGTV.mpd"
    },
    {
      "cid": 5,
      "name": "History",
      "stream_url": "https://liveanevia.mncnow.id/live/eds/History/sa_dash_vmx/History.mpd"
    },
    {
      "cid": 2,
      "name": "Hits",
      "stream_url": "https://liveanevia.mncnow.id/live/eds/HITS/sa_dash_vmx/HITS.mpd"
    },
    {
      "cid": 2,
      "name": "Hits Movies",
      "stream_url": "https://liveanevia.mncnow.id/live/eds/HitsMovies/sa_dash_vmx/HitsMovies.mpd"
    },
    {
      "cid": 4,
      "name": "Horee",
      "stream_url": "http://mkctvbro.my.id/horas/pakailah.m3u8?id=horee&bandwidth=default&sync=0"
    },
    {
      "cid": 1,
      "name": "IDX Channel",
      "stream_url": "https://stream-cdn.mncnow.id/live/eds/IDX/sa_dash_vmx/IDX.mpd"
    },
    {
      "cid": 0,
      "name": "Indosiar",
      "stream_url": "https://liveanevia.mncnow.id/live/eds/Indosiar/sa_dash_vmx/Indosiar.mpd"
    },
    {
      "cid": 1,
      "name": "iNews",
      "stream_url": "https://liveanevia.mncnow.id/live/eds/iNewsTV/sa_dash_vmx/iNewsTV.mpd"
    },
    {
      "cid": 0,
      "name": "Jak TV",
      "stream_url": "https://liveanevia.mncnow.id/live/eds/JakTV/sa_dash_vmx/JakTV.mpd"
    },
    {
      "cid": 2,
      "name": "Jiangsu TV",
      "stream_url": "https://liveanevia.mncnow.id/live/eds/JiangsuTV/sa_dash_vmx/JiangsuTV.mpd"
    },
    {
      "cid": 0,
      "name": "Jogja TV",
      "stream_url": "https://stream.jogjatv.co.id/jtvlive/stream/index.m3u8"
    },
    {
      "cid": 0,
      "name": "JTV",
      "stream_url": "https://liveanevia.mncnow.id/live/eds/JTV/sa_dash/JTV.mpd"
    },
    {
      "cid": 4,
      "name": "Kartoon Fun Time",
      "stream_url": "https://simultv.s.llnwi.net/n4s4/KartoonCircus/interlink.m3u8"
    },
    {
      "cid": 4,
      "name": "Kidoodle TV",
      "stream_url": "https://kidoodletv-kdtv-1.samsung.wurl.com/manifest/playlist.m3u8"
    },
    {
      "cid": 4,
      "name": "Kids TV",
      "stream_url": "https://liveanevia.mncnow.id/live/eds/KidsChannel/sa_dash_vmx/KidsChannel.mpd"
    },
    {
      "cid": 4,
      "name": "Kinder TV",
      "stream_url": "http://autopilot.catcast.tv/content/38144/index.m3u8"
    },
    {
      "cid": 2,
      "name": "KIX",
      "stream_url": "http://210.210.155.35/session/e269237c-7e3d-11e8-a249-b82a72d63267/uq2663/h/h07/02.m3u8"
    },
    {
      "cid": 2,
      "name": "KIX [ALT]",
      "stream_url": "https://liveanevia.mncnow.id/live/eds/KIX/sa_dash_vmx/KIX.mpd"
    },
    {
      "cid": 1,
      "name": "Kompas TV",
      "stream_url": "https://liveanevia.mncnow.id/live/eds/KompasTV/sa_dash_vmx/KompasTV.mpd"
    },
    {
      "cid": 6,
      "name": "Life",
      "stream_url": "https://liveanevia.mncnow.id/live/eds/Life/sa_dash_vmx/Life.mpd"
    },
    {
      "cid": 2,
      "name": "Life&Style",
      "stream_url": "https://liveanevia.mncnow.id/live/eds/LifeStyleFashion/sa_dash_vmx/LifeStyleFashion.mpd"
    },
    {
      "cid": 2,
      "name": "LifeTime",
      "stream_url": "https://liveanevia.mncnow.id/live/eds/Lifetime/sa_dash_vmx/Lifetime.mpd"
    },
    {
      "cid": 2,
      "name": "Lively Place",
      "stream_url": "https://aenetworks-ae-1.roku.wurl.com/manifest/playlist.m3u8"
    },
    {
      "cid": 5,
      "name": "Love Nature",
      "stream_url": "http://bamus-eng-roku.amagi.tv/playlist.m3u8"
    },
    {
      "cid": 6,
      "name": "Madinah TV",
      "stream_url": "http://45.126.83.51:80/qwr9ew/s/s27/01.m3u8"
    },
    {
      "cid": 5,
      "name": "Magellan TV",
      "stream_url": "https://dai.google.com/linear/hls/event/5xreV3X4T9WxeIbrwOmdMA/master.m3u8"
    },
    {
      "cid": 6,
      "name": "Makkah TV",
      "stream_url": "http://45.126.83.51:80/qwr9ew/s/s28/01.m3u8"
    },
    {
      "cid": 1,
      "name": "Metro TV",
      "stream_url": "http://edge.metrotvnews.com:1935/live-edge/smil:metro.smil/playlist.m3u8"
    },
    {
      "cid": 4,
      "name": "Miao Mi",
      "stream_url": "https://liveanevia.mncnow.id/live/eds/MiaoMi/sa_dash_vmx/MiaoMi.mpd"
    },
    {
      "cid": 7,
      "name": "MMA Junkie",
      "stream_url": "https://a.jsrdn.com/broadcast/80f6ba72c8/+0000/c.m3u8"
    },
    {
      "cid": 1,
      "name": "MNC News",
      "stream_url": "https://liveanevia.mncnow.id/live/eds/MNCNews/sa_dash_vmx/MNCNews.mpd"
    },
    {
      "cid": 7,
      "name": "MNC Sports1",
      "stream_url": "https://liveanevia.mncnow.id/live/eds/MNCSports/sa_dash_vmx/MNCSports.mpd"
    },
    {
      "cid": 0,
      "name": "MNC TV",
      "stream_url": "https://liveanevia.mncnow.id/live/eds/MNCTV-HD/sa_dash_vmx/MNCTV-HD.mpd"
    },
    {
      "cid": 2,
      "name": "Movie Kingdom",
      "stream_url": "https://a.jsrdn.com/broadcast/e9b4093a41/+0000/high/c.m3u8"
    },
    {
      "cid": 2,
      "name": "MovieMix",
      "stream_url": "https://dai.google.com/linear/hls/event/TSIJo6RCRZWuCD9WrKtRFg/master.m3u8"
    },
    {
      "cid": 2,
      "name": "MovieSphere",
      "stream_url": "https://moviesphere-plex.amagi.tv/playlist.m3u8"
    },
    {
      "cid": 3,
      "name": "MTV",
      "stream_url": "http://unilivemtveu-lh.akamaihd.net/i/mtvno_1@346424/master.m3u8?fluxustv.m3u8"
    },
    {
      "cid": 3,
      "name": "MTV Biggest Pop",
      "stream_url": "http://pluto-live.plutotv.net/egress/chandler/pluto01/live/VIACBS02/master.m3u8"
    },
    {
      "cid": 3,
      "name": "MTV Spankin' New",
      "stream_url": "http://pluto-live.plutotv.net/egress/chandler/pluto01/live/VIACBS07/master.m3u8"
    },
    {
      "cid": 3,
      "name": "Music Channel",
      "stream_url": "https://liveanevia.mncnow.id/live/eds/MusicChannel/sa_dash_vmx/MusicChannel.mpd"
    },
    {
      "cid": 3,
      "name": "Music TV",
      "stream_url": "https://liveanevia.mncnow.id/live/eds/MusicChannel/sa_dash_vmx/MusicChannel.mpd"
    },
    {
      "cid": 6,
      "name": "Muslim TV",
      "stream_url": "https://liveanevia.mncnow.id/live/eds/MNCMuslim/sa_dash_vmx/MNCMuslim.mpd"
    },
    {
      "cid": 2,
      "name": "My Cinema",
      "stream_url": "http://210.210.155.35/x6bnqe/s/s31/S4/mnf.m3u8"
    },
    {
      "cid": 4,
      "name": "My Kids",
      "stream_url": "http://210.210.155.35/qwr9ew/s/s30/index2.m3u8"
    },
    {
      "cid": 5,
      "name": "NASA TV",
      "stream_url": "http://hls.ums.ustream.tv/playlist/directhls/channel/6540154/playlist.m3u8?sgn=31d0dfb847c358d4cedcd2256dc4e1c42a7f13a7"
    },
    {
      "cid": 5,
      "name": "Nat Geo Channel",
      "stream_url": "http://mkctvbro.my.id/horas/pakailah.m3u8?id=natgeo&bandwidth=default&sync=0"
    },
    {
      "cid": 5,
      "name": "Nat Geo People",
      "stream_url": "https://liveanevia.mncnow.id/live/eds/NatGeoPeople/sa_dash_vmx/NatGeoPeople.mpd"
    },
    {
      "cid": 5,
      "name": "Nat Geo People [ALT]",
      "stream_url": "http://mkctvbro.my.id/horas/pakailah.m3u8?id=natgeopeople&bandwidth=default&sync=0"
    },
    {
      "cid": 5,
      "name": "Nat Geo Wild",
      "stream_url": "https://liveanevia.mncnow.id/live/eds/NatGeoWild/sa_dash_vmx/NatGeoWild.mpd"
    },
    {
      "cid": 5,
      "name": "Nat Geo Wild [ALT]",
      "stream_url": "http://mkctvbro.my.id/horas/pakailah.m3u8?id=natgeowild&bandwidth=default&sync=0"
    },
    {
      "cid": 5,
      "name": "Nat Geo Wild [Asia]",
      "stream_url": "http://50.7.161.82:8278/streams/d/Natgeowild/playlist.m3u8"
    },
    {
      "cid": 5,
      "name": "National Geographic",
      "stream_url": "https://liveanevia.mncnow.id/live/eds/NatGeoChannel/sa_dash_vmx/NatGeoChannel.mpd"
    },
    {
      "cid": 5,
      "name": "National Geographic [ALT]",
      "stream_url": "https://livecdn.fptplay.net/foxlive/natgeohd_hls.smil/chunklist_b2500000.m3u8"
    },
    {
      "cid": 0,
      "name": "NET. TV",
      "stream_url": "http://210.210.155.35/qwr9ew/s/s08/01.m3u8"
    },
    {
      "cid": 2,
      "name": "New Kid TV",
      "stream_url": "https://newidco-newkid-1.samsung.wurl.com/manifest/playlist.m3u8"
    },
    {
      "cid": 2,
      "name": "New K-Movies",
      "stream_url": "https://newidco-newmovies-1.samsung.wurl.com/manifest/playlist.m3u8"
    },
    {
      "cid": 1,
      "name": "NHK World",
      "stream_url": "http://210.210.155.66/h/h23/02.m3u8"
    },
    {
      "cid": 1,
      "name": "NHK World Japan",
      "stream_url": "https://liveanevia.mncnow.id/live/eds/NHKWorldTV/sa_dash_vmx/NHKWorldTV.mpd"
    },
    {
      "cid": 1,
      "name": "NHK World Premium",
      "stream_url": "https://liveanevia.mncnow.id/live/eds/NHKWorldPremium/sa_dash_vmx/NHKWorldPremium.mpd"
    },
    {
      "cid": 2,
      "name": "Nick (Pluto TV)",
      "stream_url": "https://service-stitcher.clusters.pluto.tv/v1/stitch/embed/hls/channel/5ca673e0d0bd6c2689c94ce3/master.m3u8?deviceId=channel&deviceModel=web&deviceVersion=1.0&appVersion=1.0&deviceType=rokuChannel&deviceMake=rokuChannel&deviceDNT=1&advertisingId=channel&embedPartner=rokuChannel&appName=rokuchannel&is_lat=1&bmodel=bm1&content=channel&platform=web&tags=ROKU_CONTENT_TAGS&coppa=false&content_type=livefeed&rdid=channel&genre=ROKU_ADS_CONTENT_GENRE&content_rating=ROKU_ADS_CONTENT_RATING&studio_id=viacom&channel_id=channel"
    },
    {
      "cid": 4,
      "name": "Nick Jr.",
      "stream_url": "https://liveanevia.mncnow.id/live/eds/NickJr/sa_dash_vmx/NickJr.mpd"
    },
    {
      "cid": 4,
      "name": "Nick Jr. (Pluto TV)",
      "stream_url": "https://service-stitcher.clusters.pluto.tv/v1/stitch/embed/hls/channel/5ca6748a37b88b269472dad9/master.m3u8?deviceId=channel&deviceModel=web&deviceVersion=1.0&appVersion=1.0&deviceType=rokuChannel&deviceMake=rokuChannel&deviceDNT=1&advertisingId=channel&embedPartner=rokuChannel&appName=rokuchannel&is_lat=1&bmodel=bm1&content=channel&platform=web&tags=ROKU_CONTENT_TAGS&coppa=false&content_type=livefeed&rdid=channel&genre=ROKU_ADS_CONTENT_GENRE&content_rating=ROKU_ADS_CONTENT_RATING&studio_id=viacom&channel_id=channel"
    },
    {
      "cid": 4,
      "name": "Nickelodeon",
      "stream_url": "https://liveanevia.mncnow.id/live/eds/Nickelodeon/sa_dash_vmx/Nickelodeon.mpd"
    },
    {
      "cid": 4,
      "name": "Nicktoon",
      "stream_url": "http://service-stitcher.clusters.pluto.tv/stitch/hls/channel/5ca673e0d0bd6c2689c94ce3/master.m3u8?terminate=false&deviceType=web&deviceMake=web&deviceModel=web&sid=977&deviceId=5ca673e0d0bd6c2689c94ce3&deviceVersion=DNT&appVersion=DNT&deviceDNT=0&userId=&advertisingId=&deviceLat=&deviceLon=&app_name=&appName=web&buildVersion=&appStoreUrl=&architecture=&includeExtendedEvents=false&marketingRegion=US&serverSideAds=false"
    },
    {
      "cid": 2,
      "name": "OK TV",
      "stream_url": "https://liveanevia.mncnow.id/live/eds/OKTV/sa_dash_vmx/OKTV.mpd"
    },
    {
      "cid": 2,
      "name": "ONE [ID]",
      "stream_url": "http://45.126.83.51/uq2663/h/h143/index.m3u8"
    },
    {
      "cid": 7,
      "name": "One Sports",
      "stream_url": "http://103.11.112.28:1935/live2/smil:onesports.smil/playlist.m3u8"
    },
    {
      "cid": 7,
      "name": "ONEGOLF [HD]",
      "stream_url": "http://162.250.201.58:6211/pk/ONEGOLF/index.m3u8"
    },
    {
      "cid": 7,
      "name": "Outdoor Channel",
      "stream_url": "https://outdoorchannel-samsungau.amagi.tv/playlist.m3u8"
    },
    {
      "cid": 7,
      "name": "Outside TV+",
      "stream_url": "https://outsidetvplus-stirr.amagi.tv/playlist.m3u8"
    },
    {
      "cid": 7,
      "name": "Pac-12 Insider",
      "stream_url": "https://pac12-roku-us.amagi.tv/playlist.m3u8"
    },
    {
      "cid": 2,
      "name": "People Are Awesome",
      "stream_url": "https://jukin-peopleareawesome-2-gb.samsung.wurl.com/manifest/playlist.m3u8"
    },
    {
      "cid": 4,
      "name": "Pocket.Watch",
      "stream_url": "https://pocketwatch.samsung.wurl.com/manifest/playlist.m3u8"
    },
    {
      "cid": 2,
      "name": "Popstar! TV",
      "stream_url": "https://linear-10.frequency.stream/10/hls/master/playlist.m3u8"
    },
    {
      "cid": 5,
      "name": "Popular Science",
      "stream_url": "http://a.jsrdn.com/broadcast/447912f76b/+0000/high/c.m3u8"
    },
    {
      "cid": 7,
      "name": "Racing.com",
      "stream_url": "https://racingvic-i.akamaized.net/hls/live/598695/racingvic/1500.m3u8"
    },
    {
      "cid": 0,
      "name": "RCTI",
      "stream_url": "https://liveanevia.mncnow.id/live/eds/RCTI/sa_dash_vmx/RCTI.mpd"
    },
    {
      "cid": 7,
      "name": "RedBull TV",
      "stream_url": "http://rbmn-live.akamaized.net/hls/live/590964/BoRB-AT/master.m3u8"
    },
    {
      "cid": 2,
      "name": "Reelz",
      "stream_url": "http://a.jsrdn.com/broadcast/d37066a396/+0000/mid/c.m3u8"
    },
    {
      "cid": 6,
      "name": "Reformed 21",
      "stream_url": "http://edge.linknetott.swiftserve.com/live/BsNew/amlst:reformedch/playlist.m3u8"
    },
    {
      "cid": 6,
      "name": "Rodja TV",
      "stream_url": "http://210.210.155.35/qwr9ew/s/s14/02.m3u8"
    },
    {
      "cid": 1,
      "name": "RRI Net",
      "stream_url": "http://36.89.47.217:11935/rrinet/live/index.m3u8"
    },
    {
      "cid": 7,
      "name": "RTM Sport",
      "stream_url": "http://185.180.221.194:8278/streams/d/Rtmsport/playlist.m3u8"
    },
    {
      "cid": 0,
      "name": "RTV",
      "stream_url": "https://liveanevia.mncnow.id/live/eds/RTV/sa_dash_vmx/RTV.mpd"
    },
    {
      "cid": 0,
      "name": "SCTV",
      "stream_url": "https://liveanevia.mncnow.id/live/eds/SCTV/sa_dash_vmx/SCTV.mpd"
    },
    {
      "cid": 2,
      "name": "Sgem",
      "stream_url": "http://mkctvbro.my.id/horas/pakailah.m3u8?id=sgem&bandwidth=default&sync=0"
    },
    {
      "cid": 2,
      "name": "Sinema Indonesia",
      "stream_url": "http://210.210.155.35/x6bnqe/s/s71/S4/mnf.m3u8"
    },
    {
      "cid": 2,
      "name": "Skills + Thrills",
      "stream_url": "https://aenetworks-skills-thrills-1.plex.wurl.com/manifest/playlist.m3u8"
    },
    {
      "cid": 7,
      "name": "SkySports FI",
      "stream_url": "http://stream.tvtap.live:8081/live/skysportsf1.stream/playlist.m3u8"
    },
    {
      "cid": 7,
      "name": "SkySports Football",
      "stream_url": "http://stream.tvtap.live:8081/live/skysports-football.stream/playlist.m3u8"
    },
    {
      "cid": 7,
      "name": "SkySports Primier League",
      "stream_url": "http://stream.tvtap.live:8081/live/skysports-premier-league.stream/playlist.m3u8"
    },
    {
      "cid": 2,
      "name": "Sone",
      "stream_url": "http://mkctvbro.my.id/horas/pakailah.m3u8?id=sone&bandwidth=default&sync=0"
    },
    {
      "cid": 2,
      "name": "Sony One",
      "stream_url": "http://210.210.155.35/session/c30d8c14-f1bc-11e8-89c0-aa35b2893d02/uq2663/h/h143/01.m3u8"
    },
    {
      "cid": 2,
      "name": "Sony One [ALT]",
      "stream_url": "https://liveanevia.mncnow.id/live/eds/SetOne/sa_dash_vmx/SetOne.mpd"
    },
    {
      "cid": 4,
      "name": "Spacetoon",
      "stream_url": "http://stream.spacetoon.com:1935/live/stchannel/smil:livesmil.smil/playlist.m3u8"
    },
    {
      "cid": 4,
      "name": "Spacetoon [ID]",
      "stream_url": "http://stream1.ninmedia.tv:1935/spacetoon/udp.stream_360p/chunklist.m3u8"
    },
    {
      "cid": 7,
      "name": "Sport TV 1",
      "stream_url": "http://77.83.117.60:8888/02_SPORTTV_1_720p/chunklist.m3u8"
    },
    {
      "cid": 7,
      "name": "Sport TV 2",
      "stream_url": "http://77.83.117.60:8888/02_SPORTTV_2_720p/chunklist.m3u8"
    },
    {
      "cid": 7,
      "name": "Sport TV 3",
      "stream_url": "http://77.83.117.60:8888/02_SPORTTV_3_720p/chunklist.m3u8"
    },
    {
      "cid": 7,
      "name": "Sport TV 4",
      "stream_url": "http://77.83.117.60:8888/02_SPORTTV_4_720p/chunklist.m3u8"
    },
    {
      "cid": 7,
      "name": "Sport TV 5",
      "stream_url": "http://77.83.117.60:8888/02_SPORTTV_5_720p/chunklist.m3u8"
    },
    {
      "cid": 7,
      "name": "Sports Channel Network",
      "stream_url": "https://vod365-sports-channel-network-1-gb.samsung.wurl.com/manifest/playlist.m3u8"
    },
    {
      "cid": 7,
      "name": "Stadium",
      "stream_url": "https://dai.google.com/linear/hls/event/0jRU1DBXSW6a_TFheLfAUQ/master.m3u8"
    },
    {
      "cid": 2,
      "name": "Star Chinese Legend",
      "stream_url": "https://liveanevia.mncnow.id/live/eds/SCMlegend/sa_dash_vmx/SCMlegend.mpd"
    },
    {
      "cid": 2,
      "name": "Star Chinese Movie",
      "stream_url": "https://liveanevia.mncnow.id/live/eds/SCM/sa_dash_vmx/SCM.mpd"
    },
    {
      "cid": 2,
      "name": "STAR World",
      "stream_url": "https://liveanevia.mncnow.id/live/eds/STARWorld/sa_dash_vmx/STARWorld.mpd"
    },
    {
      "cid": 3,
      "name": "Stingray Karaoke",
      "stream_url": "https://stingray-karaoke-1-gb.samsung.wurl.com/manifest/playlist.m3u8"
    },
    {
      "cid": 3,
      "name": "Street Music",
      "stream_url": "https://59d39900ebfb8.streamlock.net/streetmusic/streetmusic/playlist.m3u8"
    },
    {
      "cid": 4,
      "name": "Supertoons",
      "stream_url": "https://kedoo-supertoonstv-1-gb.samsung.wurl.com/manifest/1200.m3u8"
    },
    {
      "cid": 0,
      "name": "TATV",
      "stream_url": "http://video2.onlivestreaming.net/tatv/live.sdp/playlist.m3u8"
    },
    {
      "cid": 6,
      "name": "Tawaf TV",
      "stream_url": "https://liveanevia.mncnow.id/live/eds/TawafTV/sa_dash_vmx/TawafTV.mpd"
    },
    {
      "cid": 2,
      "name": "The Indonesia Channel",
      "stream_url": "http://wowzaprod236-i.akamaihd.net/hls/live/1019903/7dd4cf51/playlist.m3u8"
    },
    {
      "cid": 2,
      "name": "The Pet Collective",
      "stream_url": "https://dai2.xumo.com/amagi_hls_data_xumo1212A-petcollective/CDN/1280x720_5000000/index.m3u8"
    },
    {
      "cid": 2,
      "name": "Thrill",
      "stream_url": "http://210.210.155.35/session/c8a974dc-7e3d-11e8-bf09-b82a72d63267/qwr9ew/s/s34/02.m3u8"
    },
    {
      "cid": 2,
      "name": "Thrill [ALT]",
      "stream_url": "https://liveanevia.mncnow.id/live/eds/Thrill/sa_dash_vmx/Thrill.mpd"
    },
    {
      "cid": 5,
      "name": "TLC",
      "stream_url": "https://liveanevia.mncnow.id/live/eds/TLC/sa_dash_vmx/TLC.mpd"
    },
    {
      "cid": 4,
      "name": "Toon Goggles",
      "stream_url": "https://toongoggles-toongoggles-3-gb.samsung.wurl.com/manifest/playlist.m3u8"
    },
    {
      "cid": 4,
      "name": "Toon Goggles Junior",
      "stream_url": "https://tg-junior.samsung.wurl.com/manifest/playlist.m3u8"
    },
    {
      "cid": 4,
      "name": "Toonmax",
      "stream_url": "http://45.126.83.51/qwr9ew/s/s50/index.m3u8"
    },
    {
      "cid": 0,
      "name": "Trans 7",
      "stream_url": "https://video.detik.com/trans7/smil:trans7.smil/playlist.m3u8"
    },
    {
      "cid": 0,
      "name": "Trans 7 [ALT]",
      "stream_url": "https://liveanevia.mncnow.id/live/eds/Trans7/sa_dash_vmx/Trans7.mpd"
    },
    {
      "cid": 0,
      "name": "Trans TV",
      "stream_url": "https://video.detik.com/transtv/smil:transtv.smil/playlist.m3u8"
    },
    {
      "cid": 0,
      "name": "Trans TV [ALT]",
      "stream_url": "https://liveanevia.mncnow.id/live/eds/TransTV/sa_dash_vmx/TransTV.mpd"
    },
    {
      "cid": 6,
      "name": "TV Ikim",
      "stream_url": "http://edge.vediostream.com/abr/tvikim/live/tvikim_480p/chunks.m3u8"
    },
    {
      "cid": 6,
      "name": "TV Muhammadiyah",
      "stream_url": "https://liveanevia.mncnow.id/live/eds/TVMuhammadiyah/sa_dash_vmx/TVMuhammadiyah.mpd"
    },
    {
      "cid": 1,
      "name": "TV One",
      "stream_url": "https://liveanevia.mncnow.id/live/eds/TVOne/sa_dash_vmx/TVOne.mpd"
    },
    {
      "cid": 2,
      "name": "tvN",
      "stream_url": "https://liveanevia.mncnow.id/live/eds/tvN/sa_dash_vmx/tvN.mpd"
    },
    {
      "cid": 2,
      "name": "tvN Movies",
      "stream_url": "https://liveanevia.mncnow.id/live/eds/tvNMovies/sa_dash_vmx/tvNMovies.mpd"
    },
    {
      "cid": 1,
      "name": "TVRI",
      "stream_url": "http://wpc.d1627.nucdn.net/80D1627/o-tvri/Content/HLS/Live/Channel(TVRINASIONAL)/Stream(04)/index.m3u8"
    },
    {
      "cid": 1,
      "name": "TVRI DKI Jakarta",
      "stream_url": "http://118.97.50.107/Content/HLS/Live/Channel(TVRIDKI)/Stream(03)/index.m3u8"
    },
    {
      "cid": 1,
      "name": "TVRI Jawa Barat",
      "stream_url": "http://118.97.50.107/Content/HLS/Live/Channel(TVRIJABARBANDUNG)/index.m3u8"
    },
    {
      "cid": 1,
      "name": "TVRI Jawa Tengah",
      "stream_url": "http://118.97.50.107/Content/HLS/Live/Channel(TVRIJATENGSEMARANG)/index.m3u8"
    },
    {
      "cid": 1,
      "name": "TVRI Jawa Timur",
      "stream_url": "http://118.97.50.107/Content/HLS/Live/Channel(TVRIJATIMSURABAYA)/index.m3u8"
    },
    {
      "cid": 1,
      "name": "TVRI Nasional",
      "stream_url": "http://118.97.50.107/Content/HLS/Live/Channel(TVRINASIONAL)/Stream(04)/index.m3u8"
    },
    {
      "cid": 7,
      "name": "TVRI Sport",
      "stream_url": "http://210.210.155.35/session/69e800f6-97c0-11e9-888f-b82a72d63267/qwr9ew/s/s107/index.m3u8"
    },
    {
      "cid": 7,
      "name": "TVRI Sport 2",
      "stream_url": "http://wpc.d1627.nucdn.net:80/80D1627/o-tvri/Content/HLS/Live/Channel(TVRI4)/Stream(03)/index.m3u8"
    },
    {
      "cid": 1,
      "name": "TVRI Yogyakarta",
      "stream_url": "http://118.97.50.107/Content/HLS/Live/Channel(TVRIYOGYAKARTA)/index.m3u8"
    },
    {
      "cid": 7,
      "name": "UFC",
      "stream_url": "https://live-k2302-kbp.1plus1.video/sport/smil:sport.smil/chunklist_b6000000.m3u8"
    },
    {
      "cid": 7,
      "name": "UFC stadium",
      "stream_url": "https://stadiumlivein-i.akamaihd.net/hls/live/522512/mux_4/master.m3u8"
    },
    {
      "cid": 7,
      "name": "UseeSports",
      "stream_url": "http://mkctvbro.my.id/horas/pakailah.m3u8?id=useesport&bandwidth=b894100&sync=0"
    },
    {
      "cid": 7,
      "name": "UseeSports 2",
      "stream_url": "http://mkctvbro.my.id/horas/pakailah.m3u8?id=useesports2&bandwidth=b894100&sync=0"
    },
    {
      "cid": 3,
      "name": "Vevo",
      "stream_url": "https://5fa09a21270b74000140368e-samsung.ssai.zype.com/5fa09a21270b74000140368e_samsung/manifest.m3u8"
    },
    {
      "cid": 2,
      "name": "Vision Prime",
      "stream_url": "https://liveanevia.mncnow.id/live/eds/VisionPrime/sa_dash_vmx/VisionPrime.mpd"
    },
    {
      "cid": 1,
      "name": "Voice of America",
      "stream_url": "http://voa-lh.akamaihd.net/i/voa_mpls_tvmc6@320298/master.m3u8?fluxustv.m3u8"
    },
    {
      "cid": 2,
      "name": "WakuWaku Japan",
      "stream_url": "https://liveanevia.mncnow.id/live/eds/WakuWakuJapan/sa_dash_vmx/WakuWakuJapan.mpd"
    },
    {
      "cid": 2,
      "name": "Warner TV",
      "stream_url": "https://liveanevia.mncnow.id/live/eds/WarnerTV/sa_dash_vmx/WarnerTV.mpd"
    },
    {
      "cid": 7,
      "name": "WWE",
      "stream_url": "http://portal.geniptv.com:8080/greenpoison8/GZprWONABH/18549"
    },
    {
      "cid": 2,
      "name": "Zee Bioskop",
      "stream_url": "http://210.210.155.35/qwr9ew/s/s32/01.m3u8?fluxustv.m3u8"
    },
    {
      "cid": 2,
      "name": "Zee Bioskop [ALT]",
      "stream_url": "https://liveanevia.mncnow.id/live/eds/ZeeBIOSKOP/sa_dash_vmx/ZeeBIOSKOP.mpd"
    },
    {
      "cid": 4,
      "name": "Zoo Moo",
      "stream_url": "https://rockentertainment-zoomoo-1.samsung.wurl.com/manifest/playlist.m3u8"
    }
  ]
}